Experiment_ID,Temp_C,Pressure_bar,Catalyst_g,Reaction_Time_min,Yield_pct,Purity_pct,Notes
EXP_001,150,1.2,0.4,60,58.3,92.1,정상 진행
EXP_002,160,1.5,0.6,75,66.8,93.4,정상 진행
EXP_003,170,1.8,0.8,90,74.2,94.8,정상 진행
EXP_004,180,2.0,1.0,90,82.5,96.2,정상 진행. 반응 안정적
EXP_005,185,,1.1,100,85.1,96.8,정상 진행
EXP_006,190,2.2,1.2,100,88.7,97.5,정상 진행. 목표 수율 달성
EXP_007,215,2.3,1.0,90,42.6,84.3,[이상치] 반응기 내부 온도 오버슈트 25도 발생하여 생성물 분해
EXP_008,175,1.9,0.9,80,77.9,95.1,정상 진행
EXP_009,165,1.6,0.7,70,70.4,94.0,정상 진행
EXP_010,195,2.4,1.3,110,90.2,97.9,정상 진행
EXP_011,180,2.1,1.0,90,,95.7,샘플링 중 시료 손실로 수율 측정 누락
EXP_012,155,1.3,0.5,60,61.7,92.6,정상 진행
EXP_013,185,2.0,1.1,95,38.4,88.2,[이상치] 촉매 불활성화로 수율 급감 (재사용 촉매 3회차)
EXP_014,200,2.5,1.4,110,91.5,98.1,정상 진행
EXP_015,145,1.1,0.3,45,52.1,90.4,정상 진행. 저온 조건 기준점
EXP_016,170,1.7,,85,73.0,94.5,정상 진행
EXP_017,190,2.2,1.2,105,87.9,97.2,정상 진행
EXP_018,205,2.6,1.4,115,89.8,97.0,정상 진행. 고온 조건에서도 안정
EXP_019,180,1.0,1.0,90,45.3,86.7,[이상치] 압력 누출로 인한 미반응물 잔류. 가스켓 교체 필요
EXP_020,160,1.4,0.6,65,65.2,93.1,정상 진행
EXP_021,195,2.3,1.3,100,89.4,97.6,정상 진행
EXP_022,175,1.8,0.9,85,76.5,94.9,
EXP_023,210,2.7,1.5,120,86.2,95.3,고온 장시간 반응으로 부반응 소폭 증가
EXP_024,185,2.1,1.1,95,79.8,81.2,[이상치] 원료 탱크 수분 혼입으로 순도 저하
EXP_025,,2.0,1.0,90,81.6,96.0,온도 로거 통신 오류로 온도 기록 누락. 반응은 정상
EXP_026,190,2.2,0.2,100,49.8,91.5,[이상치] 촉매 투입 계량 오류로 촉매량 부족. 전환율 저조
EXP_027,220,2.8,1.2,110,51.7,85.9,[이상치] 냉각수 공급 지연으로 온도 제어 실패. 열폭주 징후
EXP_028,170,3.4,0.8,80,68.9,93.8,압력계 교정 불량 의심. 실제 압력 재확인 필요
EXP_029,200,1.6,1.3,105,55.4,89.1,[이상치] 밸브 연결부 미세 누출로 압력 유지 실패
EXP_030,165,1.6,0.7,75,71.1,94.2,정상 진행
